-173, 10002432.0, 10002433.0, 10002434.0, 10002435.0, 10002436.0, 10002437.0, 10002438.0, 10002439.0, 10002440.0, 10002441.0, 10002442.0, 10002443.0, 10002444.0, 10002445.0, 10002446.0, 10002447.0, 10002448.0, 10002449.0, 10002450.0, 10002451.0, 
-172, 10002452.0, 10002453.0, 10002454.0, 10002455.0, 10002456.0, 10002457.0, 10002458.0, 10002459.0, 10002460.0, 10002461.0, 10002462.0, 10002463.0, 10002464.0, 10002465.0, 10002466.0, 10002467.0, 10002468.0, 10002469.0, 10002470.0, 10002471.0, 
-171, 10002472.0, 10002473.0, 10002474.0, 10002475.0, 10002476.0, 10002477.0, 10002478.0, 10002479.0, 10002480.0, 10002481.0, 10002482.0, 10002483.0, 10002484.0, 10002485.0, 10002486.0, 10002487.0, 10002488.0, 10002489.0, 10002490.0, 10002491.0, 
-170, 10002492.0, 10002493.0, 10002494.0, 10002495.0, 10002496.0, 10002497.0, 10002498.0, 10002499.0, 10002500.0, 10002501.0, 10002502.0, 10002503.0, 10002504.0, 10002505.0, 10002506.0, 10002507.0, 10002508.0, 10002509.0, 10002510.0, 10002511.0, 
-169, 10002512.0, 10002513.0, 10002514.0, 10002515.0, 10002516.0, 10002517.0, 10002518.0, 10002519.0, 10002520.0, 10002521.0, 10002522.0, 10002523.0, 10002524.0, 10002525.0, 10002526.0, 10002527.0, 10002528.0, 10002529.0, 10002530.0, 10002531.0, 
-168, 10002532.0, 10002533.0, 10002534.0, 10002535.0, 10002536.0, 10002537.0, 10002538.0, 10002539.0, 10002540.0, 10002541.0, 10002542.0, 10002543.0, 10002544.0, 10002545.0, 10002546.0, 10002547.0, 10002548.0, 10002549.0, 10002550.0, 10002551.0, 
-167, 10002552.0, 10002553.0, 10002554.0, 10002555.0, 10002556.0, 10002557.0, 10002558.0, 10002559.0, 10002560.0, 10002561.0, 10002562.0, 10002563.0, 10002564.0, 10002565.0, 10002566.0, 10002567.0, 10002568.0, 10002569.0, 10002570.0, 10002571.0, 
-166, 10002572.0, 10002573.0, 10002574.0, 10002575.0, 10002576.0, 10002577.0, 10002578.0, 10002579.0, 10002580.0, 10002581.0, 10002582.0, 10002583.0, 10002584.0, 10002585.0, 10002586.0, 10002587.0, 10002588.0, 10002589.0, 10002590.0, 10002591.0, 
-165, 10002592.0, 10002593.0, 10002594.0, 10002595.0, 10002596.0, 10002597.0, 10002598.0, 10002599.0, 10002600.0, 10002601.0, 10002602.0, 10002603.0, 10002604.0, 10002605.0, 10002606.0, 10002607.0, 10002608.0, 10002609.0, 10002610.0, 10002611.0, 
-164, 10002612.0, 10002613.0, 10002614.0, 10002615.0, 10002616.0, 10002617.0, 10002618.0, 10002619.0, 10002620.0, 10002621.0, 10002622.0, 10002623.0, 10002624.0, 10002625.0, 10002626.0, 10002627.0, 10002628.0, 10002629.0, 10002630.0, 10002631.0, 
-163, 10002632.0, 10002633.0, 10002634.0, 10002635.0, 10002636.0, 10002637.0, 10002638.0, 10002639.0, 10002640.0, 10002641.0, 10002642.0, 10002643.0, 10002644.0, 10002645.0, 10002646.0, 10002647.0, 10002648.0, 10002649.0, 10002650.0, 10002651.0, 
-162, 10002652.0, 10002653.0, 10002654.0, 10002655.0, 10002656.0, 10002657.0, 10002658.0, 10002659.0, 10002660.0, 10002661.0, 10002662.0, 10002663.0, 10002664.0, 10002665.0, 10002666.0, 10002667.0, 10002668.0, 10002669.0, 10002670.0, 10002671.0, 
-161, 10002672.0, 10002673.0, 10002674.0, 10002675.0, 10002676.0, 10002677.0, 10002678.0, 10002679.0, 10002680.0, 10002681.0, 10002682.0, 10002683.0, 10002684.0, 10002685.0, 10002686.0, 10002687.0, 10002688.0, 10002689.0, 10002690.0, 10002691.0, 
-160, 10002692.0, 10002693.0, 10002694.0, 10002695.0, 10002696.0, 10002697.0, 10002698.0, 10002699.0, 10002700.0, 10002701.0, 10002702.0, 10002703.0, 10002704.0, 10002705.0, 10002706.0, 10002707.0, 10002708.0, 10002709.0, 10002710.0, 10002711.0, 
-159, 10002712.0, 10002713.0, 10002714.0, 10002715.0, 10002716.0, 10002717.0, 10002718.0, 10002719.0, 10002720.0, 10002721.0, 10002722.0, 10002723.0, 10002724.0, 10002725.0, 10002726.0, 10002727.0, 10002728.0, 10002729.0, 10002730.0, 10002731.0, 
-158, 10002732.0, 10002733.0, 10002734.0, 10002735.0, 10002736.0, 10002737.0, 10002738.0, 10002739.0, 10002740.0, 10002741.0, 10002742.0, 10002743.0, 10002744.0, 10002745.0, 10002746.0, 10002747.0, 10002748.0, 10002749.0, 10002750.0, 10002751.0, 
-157, 10002752.0, 10002753.0, 10002754.0, 10002755.0, 10002756.0, 10002757.0, 10002758.0, 10002759.0, 10002760.0, 10002761.0, 10002762.0, 10002763.0, 10002764.0, 10002765.0, 10002766.0, 10002767.0, 10002768.0, 10002769.0, 10002770.0, 10002771.0, 
-156, 10002772.0, 10002773.0, 10002774.0, 10002775.0, 10002776.0, 10002777.0, 10002778.0, 10002779.0, 10002780.0, 10002781.0, 10002782.0, 10002783.0, 10002784.0, 10002785.0, 10002786.0, 10002787.0, 10002788.0, 10002789.0, 10002790.0, 10002791.0, 
-155, 10002792.0, 10002793.0, 10002794.0, 10002795.0, 10002796.0, 10002797.0, 10002798.0, 10002799.0, 10002800.0, 10002801.0, 10002802.0, 10002803.0, 10002804.0, 10002805.0, 10002806.0, 10002807.0, 10002808.0, 10002809.0, 10002810.0, 10002811.0, 
-154, 10002812.0, 10002813.0, 10002814.0, 10002815.0, 10002816.0, 10002817.0, 10002818.0, 10002819.0, 10002820.0, 10002821.0, 10002822.0, 10002823.0, 10002824.0, 10002825.0, 10002826.0, 10002827.0, 10002828.0, 10002829.0, 10002830.0, 10002831.0, 
-153, 10002832.0, 10002833.0, 10002834.0, 10002835.0, 10002836.0, 10002837.0, 10002838.0, 10002839.0, 10002840.0, 10002841.0, 10002842.0, 10002843.0, 10002844.0, 10002845.0, 10002846.0, 10002847.0, 10002848.0, 10002849.0, 10002850.0, 10002851.0, 
-152, 10002852.0, 10002853.0, 10002854.0, 10002855.0, 10002856.0, 10002857.0, 10002858.0, 10002859.0, 10002860.0, 10002861.0, 10002862.0, 10002863.0, 10002864.0, 10002865.0, 10002866.0, 10002867.0, 10002868.0, 10002869.0, 10002870.0, 10002871.0, 
-151, 10002872.0, 10002873.0, 10002874.0, 10002875.0, 10002876.0, 10002877.0, 10002878.0, 10002879.0, 10002880.0, 10002881.0, 10002882.0, 10002883.0, 10002884.0, 10002885.0, 10002886.0, 10002887.0, 10002888.0, 10002889.0, 10002890.0, 10002891.0, 
-150, 10002892.0, 10002893.0, 10002894.0, 10002895.0, 10002896.0, 10002897.0, 10002898.0, 10002899.0, 10002900.0, 10002901.0, 10002902.0, 10002903.0, 10002904.0, 10002905.0, 10002906.0, 10002907.0, 10002908.0, 10002909.0, 10002910.0, 10002911.0, 
-149, 10002912.0, 10002913.0, 10002914.0, 10002915.0, 10002916.0, 10002917.0, 10002918.0, 10002919.0, 10002920.0, 10002921.0, 10002922.0, 10002923.0, 10002924.0, 10002925.0, 10002926.0, 10002927.0, 10002928.0, 10002929.0, 10002930.0, 10002931.0, 
-148, 10002932.0, 10002933.0, 10002934.0, 10002935.0, 10002936.0, 10002937.0, 10002938.0, 10002939.0, 10002940.0, 10002941.0, 10002942.0, 10002943.0, 10002944.0, 10002945.0, 10002946.0, 10002947.0, 10002948.0, 10002949.0, 10002950.0, 10002951.0, 
-147, 10002952.0, 10002953.0, 10002954.0, 10002955.0, 10002956.0, 10002957.0, 10002958.0, 10002959.0, 10002960.0, 10002961.0, 10002962.0, 10002963.0, 10002964.0, 10002965.0, 10002966.0, 10002967.0, 10002968.0, 10002969.0, 10002970.0, 10002971.0, 
-146, 10002972.0, 10002973.0, 10002974.0, 10002975.0, 10002976.0, 10002977.0, 10002978.0, 10002979.0, 10002980.0, 10002981.0, 10002982.0, 10002983.0, 10002984.0, 10002985.0, 10002986.0, 10002987.0, 10002988.0, 10002989.0, 10002990.0, 10002991.0, 
-145, 10002992.0, 10002993.0, 10002994.0, 10002995.0, 10002996.0, 10002997.0, 10002998.0, 10002999.0, 10003000.0, 10003001.0, 10003002.0, 10003003.0, 10003004.0, 10003005.0, 10003006.0, 10003007.0, 10003008.0, 10003009.0, 10003010.0, 10003011.0, 
-144, 10003012.0, 10003013.0, 10003014.0, 10003015.0, 10003016.0, 10003017.0, 10003018.0, 10003019.0, 10003020.0, 10003021.0, 10003022.0, 10003023.0, 10003024.0, 10003025.0, 10003026.0, 10003027.0, 10003028.0, 10003029.0, 10003030.0, 10003031.0, 
-143, 10003032.0, 10003033.0, 10003034.0, 10003035.0, 10003036.0, 10003037.0, 10003038.0, 10003039.0, 10003040.0, 10003041.0, 10003042.0, 10003043.0, 10003044.0, 10003045.0, 10003046.0, 10003047.0, 10003048.0, 10003049.0, 10003050.0, 10003051.0, 
-142, 10003052.0, 10003053.0, 10003054.0, 10003055.0, 10003056.0, 10003057.0, 10003058.0, 10003059.0, 10003060.0, 10003061.0, 10003062.0, 10003063.0, 10003064.0, 10003065.0, 10003066.0, 10003067.0, 10003068.0, 10003069.0, 10003070.0, 10003071.0, 
-141, 10003072.0, 10003073.0, 10003074.0, 10003075.0, 10003076.0, 10003077.0, 10003078.0, 10003079.0, 10003080.0, 10003081.0, 10003082.0, 10003083.0, 10003084.0, 10003085.0, 10003086.0, 10003087.0, 10003088.0, 10003089.0, 10003090.0, 10003091.0, 
-140, 10003092.0, 10003093.0, 10003094.0, 10003095.0, 10003096.0, 10003097.0, 10003098.0, 10003099.0, 10003100.0, 10003101.0, 10003102.0, 10003103.0, 10003104.0, 10003105.0, 10003106.0, 10003107.0, 10003108.0, 10003109.0, 10003110.0, 10003111.0, 
-139, 10003112.0, 10003113.0, 10003114.0, 10003115.0, 10003116.0, 10003117.0, 10003118.0, 10003119.0, 10003120.0, 10003121.0, 10003122.0, 10003123.0, 10003124.0, 10003125.0, 10003126.0, 10003127.0, 10003128.0, 10003129.0, 10003130.0, 10003131.0, 
-138, 10003132.0, 10003133.0, 10003134.0, 10003135.0, 10003136.0, 10003137.0, 10003138.0, 10003139.0, 10003140.0, 10003141.0, 10003142.0, 10003143.0, 10003144.0, 10003145.0, 10003146.0, 10003147.0, 10003148.0, 10003149.0, 10003150.0, 10003151.0, 
-137, 10003152.0, 10003153.0, 10003154.0, 10003155.0, 10003156.0, 10003157.0, 10003158.0, 10003159.0, 10003160.0, 10003161.0, 10003162.0, 10003163.0, 10003164.0, 10003165.0, 10003166.0, 10003167.0, 10003168.0, 10003169.0, 10003170.0, 10003171.0, 
-136, 10003172.0, 10003173.0, 10003174.0, 10003175.0, 10003176.0, 10003177.0, 10003178.0, 10003179.0, 10003180.0, 10003181.0, 10003182.0, 10003183.0, 10003184.0, 10003185.0, 10003186.0, 10003187.0, 10003188.0, 10003189.0, 10003190.0, 10003191.0, 
-135, 10003192.0, 10003193.0, 10003194.0, 10003195.0, 10003196.0, 10003197.0, 10003198.0, 10003199.0, 10003200.0, 10003201.0, 10003202.0, 10003203.0, 10003204.0, 10003205.0, 10003206.0, 10003207.0, 10003208.0, 10003209.0, 10003210.0, 10003211.0, 
-134, 10003212.0, 10003213.0, 10003214.0, 10003215.0, 10003216.0, 10003217.0, 10003218.0, 10003219.0, 10003220.0, 10003221.0, 10003222.0, 10003223.0, 10003224.0, 10003225.0, 10003226.0, 10003227.0, 10003228.0, 10003229.0, 10003230.0, 10003231.0, 
-133, 10003232.0, 10003233.0, 10003234.0, 10003235.0, 10003236.0, 10003237.0, 10003238.0, 10003239.0, 10003240.0, 10003241.0, 10003242.0, 10003243.0, 10003244.0, 10003245.0, 10003246.0, 10003247.0, 10003248.0, 10003249.0, 10003250.0, 10003251.0, 
-132, 10003252.0, 10003253.0, 10003254.0, 10003255.0, 10003256.0, 10003257.0, 10003258.0, 10003259.0, 10003260.0, 10003261.0, 10003262.0, 10003263.0, 10003264.0, 10003265.0, 10003266.0, 10003267.0, 10003268.0, 10003269.0, 10003270.0, 10003271.0, 
-131, 10003272.0, 10003273.0, 10003274.0, 10003275.0, 10003276.0, 10003277.0, 10003278.0, 10003279.0, 10003280.0, 10003281.0, 10003282.0, 10003283.0, 10003284.0, 10003285.0, 10003286.0, 10003287.0, 10003288.0, 10003289.0, 10003290.0, 10003291.0, 
-130, 10003292.0, 10003293.0, 10003294.0, 10003295.0, 10003296.0, 10003297.0, 10003298.0, 10003299.0, 10003300.0, 10003301.0, 10003302.0, 10003303.0, 10003304.0, 10003305.0, 10003306.0, 10003307.0, 10003308.0, 10003309.0, 10003310.0, 10003311.0, 
-129, 10003312.0, 10003313.0, 10003314.0, 10003315.0, 10003316.0, 10003317.0, 10003318.0, 10003319.0, 10003320.0, 10003321.0, 10003322.0, 10003323.0, 10003324.0, 10003325.0, 10003326.0, 10003327.0, 10003328.0, 10003329.0, 10003330.0, 10003331.0, 
-128, 10003332.0, 10003333.0, 10003334.0, 10003335.0, 10003336.0, 10003337.0, 10003338.0, 10003339.0, 10003340.0, 10003341.0, 10003342.0, 10003343.0, 10003344.0, 10003345.0, 10003346.0, 10003347.0, 10003348.0, 10003349.0, 10003350.0, 10003351.0, 
-127, 10003352.0, 10003353.0, 10003354.0, 10003355.0, 10003356.0, 10003357.0, 10003358.0, 10003359.0, 10003360.0, 10003361.0, 10003362.0, 10003363.0, 10003364.0, 10003365.0, 10003366.0, 10003367.0, 10003368.0, 10003369.0, 10003370.0, 10003371.0, 
-126, 10003372.0, 10003373.0, 10003374.0, 10003375.0, 10003376.0, 10003377.0, 10003378.0, 10003379.0, 10003380.0, 10003381.0, 10003382.0, 10003383.0, 10003384.0, 10003385.0, 10003386.0, 10003387.0, 10003388.0, 10003389.0, 10003390.0, 10003391.0, 
-125, 10003392.0, 10003393.0, 10003394.0, 10003395.0, 10003396.0, 10003397.0, 10003398.0, 10003399.0, 10003400.0, 10003401.0, 10003402.0, 10003403.0, 10003404.0, 10003405.0, 10003406.0, 10003407.0, 10003408.0, 10003409.0, 10003410.0, 10003411.0, 
-124, 10003412.0, 10003413.0, 10003414.0, 10003415.0, 10003416.0, 10003417.0, 10003418.0, 10003419.0, 10003420.0, 10003421.0, 10003422.0, 10003423.0, 10003424.0, 10003425.0, 10003426.0, 10003427.0, 10003428.0, 10003429.0, 10003430.0, 10003431.0, 
-123, 10003432.0, 10003433.0, 10003434.0, 10003435.0, 10003436.0, 10003437.0, 10003438.0, 10003439.0, 10003440.0, 10003441.0, 10003442.0, 10003443.0, 10003444.0, 10003445.0, 10003446.0, 10003447.0, 10003448.0, 10003449.0, 10003450.0, 10003451.0, 
-122, 10003452.0, 10003453.0, 10003454.0, 10003455.0, 10000000.0, 10000001.0, 10000002.0, 10000003.0, 10000004.0, 10000005.0, 10000006.0, 10000007.0, 10000008.0, 10000009.0, 10000010.0, 10000011.0, 10000012.0, 10000013.0, 10000014.0, 10000015.0, 
-121, 10000016.0, 10000017.0, 10000018.0, 10000019.0, 10000020.0, 10000021.0, 10000022.0, 10000023.0, 10000024.0, 10000025.0, 10000026.0, 10000027.0, 10000028.0, 10000029.0, 10000030.0, 10000031.0, 10000032.0, 10000033.0, 10000034.0, 10000035.0, 
-120, 10000036.0, 10000037.0, 10000038.0, 10000039.0, 10000040.0, 10000041.0, 10000042.0, 10000043.0, 10000044.0, 10000045.0, 10000046.0, 10000047.0, 10000048.0, 10000049.0, 10000050.0, 10000051.0, 10000052.0, 10000053.0, 10000054.0, 10000055.0, 
-119, 10000056.0, 10000057.0, 10000058.0, 10000059.0, 10000060.0, 10000061.0, 10000062.0, 10000063.0, 10000064.0, 10000065.0, 10000066.0, 10000067.0, 10000068.0, 10000069.0, 10000070.0, 10000071.0, 10000072.0, 10000073.0, 10000074.0, 10000075.0, 
-118, 10000076.0, 10000077.0, 10000078.0, 10000079.0, 10000080.0, 10000081.0, 10000082.0, 10000083.0, 10000084.0, 10000085.0, 10000086.0, 10000087.0, 10000088.0, 10000089.0, 10000090.0, 10000091.0, 10000092.0, 10000093.0, 10000094.0, 10000095.0, 
-117, 10000096.0, 10000097.0, 10000098.0, 10000099.0, 10000100.0, 10000101.0, 10000102.0, 10000103.0, 10000104.0, 10000105.0, 10000106.0, 10000107.0, 10000108.0, 10000109.0, 10000110.0, 10000111.0, 10000112.0, 10000113.0, 10000114.0, 10000115.0, 
-116, 10000116.0, 10000117.0, 10000118.0, 10000119.0, 10000120.0, 10000121.0, 10000122.0, 10000123.0, 10000124.0, 10000125.0, 10000126.0, 10000127.0, 10000128.0, 10000129.0, 10000130.0, 10000131.0, 10000132.0, 10000133.0, 10000134.0, 10000135.0, 
-115, 10000136.0, 10000137.0, 10000138.0, 10000139.0, 10000140.0, 10000141.0, 10000142.0, 10000143.0, 10000144.0, 10000145.0, 10000146.0, 10000147.0, 10000148.0, 10000149.0, 10000150.0, 10000151.0, 10000152.0, 10000153.0, 10000154.0, 10000155.0, 
-114, 10000156.0, 10000157.0, 10000158.0, 10000159.0, 10000160.0, 10000161.0, 10000162.0, 10000163.0, 10000164.0, 10000165.0, 10000166.0, 10000167.0, 10000168.0, 10000169.0, 10000170.0, 10000171.0, 10000172.0, 10000173.0, 10000174.0, 10000175.0, 
-113, 10000176.0, 10000177.0, 10000178.0, 10000179.0, 10000180.0, 10000181.0, 10000182.0, 10000183.0, 10000184.0, 10000185.0, 10000186.0, 10000187.0, 10000188.0, 10000189.0, 10000190.0, 10000191.0, 10000192.0, 10000193.0, 10000194.0, 10000195.0, 
-112, 10000196.0, 10000197.0, 10000198.0, 10000199.0, 10000200.0, 10000201.0, 10000202.0, 10000203.0, 10000204.0, 10000205.0, 10000206.0, 10000207.0, 10000208.0, 10000209.0, 10000210.0, 10000211.0, 10000212.0, 10000213.0, 10000214.0, 10000215.0, 
-111, 10000216.0, 10000217.0, 10000218.0, 10000219.0, 10000220.0, 10000221.0, 10000222.0, 10000223.0, 10000224.0, 10000225.0, 10000226.0, 10000227.0, 10000228.0, 10000229.0, 10000230.0, 10000231.0, 10000232.0, 10000233.0, 10000234.0, 10000235.0, 
-110, 10000236.0, 10000237.0, 10000238.0, 10000239.0, 10000240.0, 10000241.0, 10000242.0, 10000243.0, 10000244.0, 10000245.0, 10000246.0, 10000247.0, 10000248.0, 10000249.0, 10000250.0, 10000251.0, 10000252.0, 10000253.0, 10000254.0, 10000255.0, 
-109, 10000256.0, 10000257.0, 10000258.0, 10000259.0, 10000260.0, 10000261.0, 10000262.0, 10000263.0, 10000264.0, 10000265.0, 10000266.0, 10000267.0, 10000268.0, 10000269.0, 10000270.0, 10000271.0, 10000272.0, 10000273.0, 10000274.0, 10000275.0, 
-108, 10000276.0, 10000277.0, 10000278.0, 10000279.0, 10000280.0, 10000281.0, 10000282.0, 10000283.0, 10000284.0, 10000285.0, 10000286.0, 10000287.0, 10000288.0, 10000289.0, 10000290.0, 10000291.0, 10000292.0, 10000293.0, 10000294.0, 10000295.0, 
-107, 10000296.0, 10000297.0, 10000298.0, 10000299.0, 10000300.0, 10000301.0, 10000302.0, 10000303.0, 10000304.0, 10000305.0, 10000306.0, 10000307.0, 10000308.0, 10000309.0, 10000310.0, 10000311.0, 10000312.0, 10000313.0, 10000314.0, 10000315.0, 
-106, 10000316.0, 10000317.0, 10000318.0, 10000319.0, 10000320.0, 10000321.0, 10000322.0, 10000323.0, 10000324.0, 10000325.0, 10000326.0, 10000327.0, 10000328.0, 10000329.0, 10000330.0, 10000331.0, 10000332.0, 10000333.0, 10000334.0, 10000335.0, 
-105, 10000336.0, 10000337.0, 10000338.0, 10000339.0, 10000340.0, 10000341.0, 10000342.0, 10000343.0, 10000344.0, 10000345.0, 10000346.0, 10000347.0, 10000348.0, 10000349.0, 10000350.0, 10000351.0, 10000352.0, 10000353.0, 10000354.0, 10000355.0, 
-104, 10000356.0, 10000357.0, 10000358.0, 10000359.0, 10000360.0, 10000361.0, 10000362.0, 10000363.0, 10000364.0, 10000365.0, 10000366.0, 10000367.0, 10000368.0, 10000369.0, 10000370.0, 10000371.0, 10000372.0, 10000373.0, 10000374.0, 10000375.0, 
-103, 10000376.0, 10000377.0, 10000378.0, 10000379.0, 10000380.0, 10000381.0, 10000382.0, 10000383.0, 10000384.0, 10000385.0, 10000386.0, 10000387.0, 10000388.0, 10000389.0, 10000390.0, 10000391.0, 10000392.0, 10000393.0, 10000394.0, 10000395.0, 
-102, 10000396.0, 10000397.0, 10000398.0, 10000399.0, 10000400.0, 10000401.0, 10000402.0, 10000403.0, 10000404.0, 10000405.0, 10000406.0, 10000407.0, 10000408.0, 10000409.0, 10000410.0, 10000411.0, 10000412.0, 10000413.0, 10000414.0, 10000415.0, 
-101, 10000416.0, 10000417.0, 10000418.0, 10000419.0, 10000420.0, 10000421.0, 10000422.0, 10000423.0, 10000424.0, 10000425.0, 10000426.0, 10000427.0, 10000428.0, 10000429.0, 10000430.0, 10000431.0, 10000432.0, 10000433.0, 10000434.0, 10000435.0, 
-100, 10000436.0, 10000437.0, 10000438.0, 10000439.0, 10000440.0, 10000441.0, 10000442.0, 10000443.0, 10000444.0, 10000445.0, 10000446.0, 10000447.0, 10000448.0, 10000449.0, 10000450.0, 10000451.0, 10000452.0, 10000453.0, 10000454.0, 10000455.0, 
-99, 10000456.0, 10000457.0, 10000458.0, 10000459.0, 10000460.0, 10000461.0, 10000462.0, 10000463.0, 10000464.0, 10000465.0, 10000466.0, 10000467.0, 10000468.0, 10000469.0, 10000470.0, 10000471.0, 10000472.0, 10000473.0, 10000474.0, 10000475.0, 
-98, 10000476.0, 10000477.0, 10000478.0, 10000479.0, 10000480.0, 10000481.0, 10000482.0, 10000483.0, 10000484.0, 10000485.0, 10000486.0, 10000487.0, 10000488.0, 10000489.0, 10000490.0, 10000491.0, 10000492.0, 10000493.0, 10000494.0, 10000495.0, 
-97, 10000496.0, 10000497.0, 10000498.0, 10000499.0, 10000500.0, 10000501.0, 10000502.0, 10000503.0, 10000504.0, 10000505.0, 10000506.0, 10000507.0, 10000508.0, 10000509.0, 10000510.0, 10000511.0, 10000512.0, 10000513.0, 10000514.0, 10000515.0, 
-96, 10000516.0, 10000517.0, 10000518.0, 10000519.0, 10000520.0, 10000521.0, 10000522.0, 10000523.0, 10000524.0, 10000525.0, 10000526.0, 10000527.0, 10000528.0, 10000529.0, 10000530.0, 10000531.0, 10000532.0, 10000533.0, 10000534.0, 10000535.0, 
-95, 10000536.0, 10000537.0, 10000538.0, 10000539.0, 10000540.0, 10000541.0, 10000542.0, 10000543.0, 10000544.0, 10000545.0, 10000546.0, 10000547.0, 10000548.0, 10000549.0, 10000550.0, 10000551.0, 10000552.0, 10000553.0, 10000554.0, 10000555.0, 
-94, 10000556.0, 10000557.0, 10000558.0, 10000559.0, 10000560.0, 10000561.0, 10000562.0, 10000563.0, 10000564.0, 10000565.0, 10000566.0, 10000567.0, 10000568.0, 10000569.0, 10000570.0, 10000571.0, 10000572.0, 10000573.0, 10000574.0, 10000575.0, 
-93, 10000576.0, 10000577.0, 10000578.0, 10000579.0, 10000580.0, 10000581.0, 10000582.0, 10000583.0, 10000584.0, 10000585.0, 10000586.0, 10000587.0, 10000588.0, 10000589.0, 10000590.0, 10000591.0, 10000592.0, 10000593.0, 10000594.0, 10000595.0, 
-92, 10000596.0, 10000597.0, 10000598.0, 10000599.0, 10000600.0, 10000601.0, 10000602.0, 10000603.0, 10000604.0, 10000605.0, 10000606.0, 10000607.0, 10000608.0, 10000609.0, 10000610.0, 10000611.0, 10000612.0, 10000613.0, 10000614.0, 10000615.0, 
-91, 10000616.0, 10000617.0, 10000618.0, 10000619.0, 10000620.0, 10000621.0, 10000622.0, 10000623.0, 10000624.0, 10000625.0, 10000626.0, 10000627.0, 10000628.0, 10000629.0, 10000630.0, 10000631.0, 10000632.0, 10000633.0, 10000634.0, 10000635.0, 
-90, 10000636.0, 10000637.0, 10000638.0, 10000639.0, 10000640.0, 10000641.0, 10000642.0, 10000643.0, 10000644.0, 10000645.0, 10000646.0, 10000647.0, 10000648.0, 10000649.0, 10000650.0, 10000651.0, 10000652.0, 10000653.0, 10000654.0, 10000655.0, 
-89, 10000656.0, 10000657.0, 10000658.0, 10000659.0, 10000660.0, 10000661.0, 10000662.0, 10000663.0, 10000664.0, 10000665.0, 10000666.0, 10000667.0, 10000668.0, 10000669.0, 10000670.0, 10000671.0, 10000672.0, 10000673.0, 10000674.0, 10000675.0, 
-88, 10000676.0, 10000677.0, 10000678.0, 10000679.0, 10000680.0, 10000681.0, 10000682.0, 10000683.0, 10000684.0, 10000685.0, 10000686.0, 10000687.0, 10000688.0, 10000689.0, 10000690.0, 10000691.0, 10000692.0, 10000693.0, 10000694.0, 10000695.0, 
-87, 10000696.0, 10000697.0, 10000698.0, 10000699.0, 10000700.0, 10000701.0, 10000702.0, 10000703.0, 10000704.0, 10000705.0, 10000706.0, 10000707.0, 10000708.0, 10000709.0, 10000710.0, 10000711.0, 10000712.0, 10000713.0, 10000714.0, 10000715.0, 
-86, 10000716.0, 10000717.0, 10000718.0, 10000719.0, 10000720.0, 10000721.0, 10000722.0, 10000723.0, 10000724.0, 10000725.0, 10000726.0, 10000727.0, 10000728.0, 10000729.0, 10000730.0, 10000731.0, 10000732.0, 10000733.0, 10000734.0, 10000735.0, 
-85, 10000736.0, 10000737.0, 10000738.0, 10000739.0, 10000740.0, 10000741.0, 10000742.0, 10000743.0, 10000744.0, 10000745.0, 10000746.0, 10000747.0, 10000748.0, 10000749.0, 10000750.0, 10000751.0, 10000752.0, 10000753.0, 10000754.0, 10000755.0, 
-84, 10000756.0, 10000757.0, 10000758.0, 10000759.0, 10000760.0, 10000761.0, 10000762.0, 10000763.0, 10000764.0, 10000765.0, 10000766.0, 10000767.0, 10000768.0, 10000769.0, 10000770.0, 10000771.0, 10000772.0, 10000773.0, 10000774.0, 10000775.0, 
-83, 10000776.0, 10000777.0, 10000778.0, 10000779.0, 10000780.0, 10000781.0, 10000782.0, 10000783.0, 10000784.0, 10000785.0, 10000786.0, 10000787.0, 10000788.0, 10000789.0, 10000790.0, 10000791.0, 10000792.0, 10000793.0, 10000794.0, 10000795.0, 
-82, 10000796.0, 10000797.0, 10000798.0, 10000799.0, 10000800.0, 10000801.0, 10000802.0, 10000803.0, 10000804.0, 10000805.0, 10000806.0, 10000807.0, 10000808.0, 10000809.0, 10000810.0, 10000811.0, 10000812.0, 10000813.0, 10000814.0, 10000815.0, 
-81, 10000816.0, 10000817.0, 10000818.0, 10000819.0, 10000820.0, 10000821.0, 10000822.0, 10000823.0, 10000824.0, 10000825.0, 10000826.0, 10000827.0, 10000828.0, 10000829.0, 10000830.0, 10000831.0, 10000832.0, 10000833.0, 10000834.0, 10000835.0, 
-80, 10000836.0, 10000837.0, 10000838.0, 10000839.0, 10000840.0, 10000841.0, 10000842.0, 10000843.0, 10000844.0, 10000845.0, 10000846.0, 10000847.0, 10000848.0, 10000849.0, 10000850.0, 10000851.0, 10000852.0, 10000853.0, 10000854.0, 10000855.0, 
-79, 10000856.0, 10000857.0, 10000858.0, 10000859.0, 10000860.0, 10000861.0, 10000862.0, 10000863.0, 10000864.0, 10000865.0, 10000866.0, 10000867.0, 10000868.0, 10000869.0, 10000870.0, 10000871.0, 10000872.0, 10000873.0, 10000874.0, 10000875.0, 
-78, 10000876.0, 10000877.0, 10000878.0, 10000879.0, 10000880.0, 10000881.0, 10000882.0, 10000883.0, 10000884.0, 10000885.0, 10000886.0, 10000887.0, 10000888.0, 10000889.0, 10000890.0, 10000891.0, 10000892.0, 10000893.0, 10000894.0, 10000895.0, 
-77, 10000896.0, 10000897.0, 10000898.0, 10000899.0, 10000900.0, 10000901.0, 10000902.0, 10000903.0, 10000904.0, 10000905.0, 10000906.0, 10000907.0, 10000908.0, 10000909.0, 10000910.0, 10000911.0, 10000912.0, 10000913.0, 10000914.0, 10000915.0, 
-76, 10000916.0, 10000917.0, 10000918.0, 10000919.0, 10000920.0, 10000921.0, 10000922.0, 10000923.0, 10000924.0, 10000925.0, 10000926.0, 10000927.0, 10000928.0, 10000929.0, 10000930.0, 10000931.0, 10000932.0, 10000933.0, 10000934.0, 10000935.0, 
-75, 10000936.0, 10000937.0, 10000938.0, 10000939.0, 10000940.0, 10000941.0, 10000942.0, 10000943.0, 10000944.0, 10000945.0, 10000946.0, 10000947.0, 10000948.0, 10000949.0, 10000950.0, 10000951.0, 10000952.0, 10000953.0, 10000954.0, 10000955.0, 
-74, 10000956.0, 10000957.0, 10000958.0, 10000959.0, 10000960.0, 10000961.0, 10000962.0, 10000963.0, 10000964.0, 10000965.0, 10000966.0, 10000967.0, 10000968.0, 10000969.0, 10000970.0, 10000971.0, 10000972.0, 10000973.0, 10000974.0, 10000975.0, 
-73, 10000976.0, 10000977.0, 10000978.0, 10000979.0, 10000980.0, 10000981.0, 10000982.0, 10000983.0, 10000984.0, 10000985.0, 10000986.0, 10000987.0, 10000988.0, 10000989.0, 10000990.0, 10000991.0, 10000992.0, 10000993.0, 10000994.0, 10000995.0, 
-72, 10000996.0, 10000997.0, 10000998.0, 10000999.0, 10001000.0, 10001001.0, 10001002.0, 10001003.0, 10001004.0, 10001005.0, 10001006.0, 10001007.0, 10001008.0, 10001009.0, 10001010.0, 10001011.0, 10001012.0, 10001013.0, 10001014.0, 10001015.0, 
-71, 10001016.0, 10001017.0, 10001018.0, 10001019.0, 10001020.0, 10001021.0, 10001022.0, 10001023.0, 10001024.0, 10001025.0, 10001026.0, 10001027.0, 10001028.0, 10001029.0, 10001030.0, 10001031.0, 10001032.0, 10001033.0, 10001034.0, 10001035.0, 
-70, 10001036.0, 10001037.0, 10001038.0, 10001039.0, 10001040.0, 10001041.0, 10001042.0, 10001043.0, 10001044.0, 10001045.0, 10001046.0, 10001047.0, 10001048.0, 10001049.0, 10001050.0, 10001051.0, 10001052.0, 10001053.0, 10001054.0, 10001055.0, 
-69, 10001056.0, 10001057.0, 10001058.0, 10001059.0, 10001060.0, 10001061.0, 10001062.0, 10001063.0, 10001064.0, 10001065.0, 10001066.0, 10001067.0, 10001068.0, 10001069.0, 10001070.0, 10001071.0, 10001072.0, 10001073.0, 10001074.0, 10001075.0, 
-68, 10001076.0, 10001077.0, 10001078.0, 10001079.0, 10001080.0, 10001081.0, 10001082.0, 10001083.0, 10001084.0, 10001085.0, 10001086.0, 10001087.0, 10001088.0, 10001089.0, 10001090.0, 10001091.0, 10001092.0, 10001093.0, 10001094.0, 10001095.0, 
-67, 10001096.0, 10001097.0, 10001098.0, 10001099.0, 10001100.0, 10001101.0, 10001102.0, 10001103.0, 10001104.0, 10001105.0, 10001106.0, 10001107.0, 10001108.0, 10001109.0, 10001110.0, 10001111.0, 10001112.0, 10001113.0, 10001114.0, 10001115.0, 
-66, 10001116.0, 10001117.0, 10001118.0, 10001119.0, 10001120.0, 10001121.0, 10001122.0, 10001123.0, 10001124.0, 10001125.0, 10001126.0, 10001127.0, 10001128.0, 10001129.0, 10001130.0, 10001131.0, 10001132.0, 10001133.0, 10001134.0, 10001135.0, 
-65, 10001136.0, 10001137.0, 10001138.0, 10001139.0, 10001140.0, 10001141.0, 10001142.0, 10001143.0, 10001144.0, 10001145.0, 10001146.0, 10001147.0, 10001148.0, 10001149.0, 10001150.0, 10001151.0, 10001152.0, 10001153.0, 10001154.0, 10001155.0, 
-64, 10001156.0, 10001157.0, 10001158.0, 10001159.0, 10001160.0, 10001161.0, 10001162.0, 10001163.0, 10001164.0, 10001165.0, 10001166.0, 10001167.0, 10001168.0, 10001169.0, 10001170.0, 10001171.0, 10001172.0, 10001173.0, 10001174.0, 10001175.0, 
-63, 10001176.0, 10001177.0, 10001178.0, 10001179.0, 10001180.0, 10001181.0, 10001182.0, 10001183.0, 10001184.0, 10001185.0, 10001186.0, 10001187.0, 10001188.0, 10001189.0, 10001190.0, 10001191.0, 10001192.0, 10001193.0, 10001194.0, 10001195.0, 
-62, 10001196.0, 10001197.0, 10001198.0, 10001199.0, 10001200.0, 10001201.0, 10001202.0, 10001203.0, 10001204.0, 10001205.0, 10001206.0, 10001207.0, 10001208.0, 10001209.0, 10001210.0, 10001211.0, 10001212.0, 10001213.0, 10001214.0, 10001215.0, 
-61, 10001216.0, 10001217.0, 10001218.0, 10001219.0, 10001220.0, 10001221.0, 10001222.0, 10001223.0, 10001224.0, 10001225.0, 10001226.0, 10001227.0, 10001228.0, 10001229.0, 10001230.0, 10001231.0, 10001232.0, 10001233.0, 10001234.0, 10001235.0, 
-60, 10001236.0, 10001237.0, 10001238.0, 10001239.0, 10001240.0, 10001241.0, 10001242.0, 10001243.0, 10001244.0, 10001245.0, 10001246.0, 10001247.0, 10001248.0, 10001249.0, 10001250.0, 10001251.0, 10001252.0, 10001253.0, 10001254.0, 10001255.0, 
-59, 10001256.0, 10001257.0, 10001258.0, 10001259.0, 10001260.0, 10001261.0, 10001262.0, 10001263.0, 10001264.0, 10001265.0, 10001266.0, 10001267.0, 10001268.0, 10001269.0, 10001270.0, 10001271.0, 10001272.0, 10001273.0, 10001274.0, 10001275.0, 
-58, 10001276.0, 10001277.0, 10001278.0, 10001279.0, 10001280.0, 10001281.0, 10001282.0, 10001283.0, 10001284.0, 10001285.0, 10001286.0, 10001287.0, 10001288.0, 10001289.0, 10001290.0, 10001291.0, 10001292.0, 10001293.0, 10001294.0, 10001295.0, 
-57, 10001296.0, 10001297.0, 10001298.0, 10001299.0, 10001300.0, 10001301.0, 10001302.0, 10001303.0, 10001304.0, 10001305.0, 10001306.0, 10001307.0, 10001308.0, 10001309.0, 10001310.0, 10001311.0, 10001312.0, 10001313.0, 10001314.0, 10001315.0, 
-56, 10001316.0, 10001317.0, 10001318.0, 10001319.0, 10001320.0, 10001321.0, 10001322.0, 10001323.0, 10001324.0, 10001325.0, 10001326.0, 10001327.0, 10001328.0, 10001329.0, 10001330.0, 10001331.0, 10001332.0, 10001333.0, 10001334.0, 10001335.0, 
-55, 10001336.0, 10001337.0, 10001338.0, 10001339.0, 10001340.0, 10001341.0, 10001342.0, 10001343.0, 10001344.0, 10001345.0, 10001346.0, 10001347.0, 10001348.0, 10001349.0, 10001350.0, 10001351.0, 10001352.0, 10001353.0, 10001354.0, 10001355.0, 
-54, 10001356.0, 10001357.0, 10001358.0, 10001359.0, 10001360.0, 10001361.0, 10001362.0, 10001363.0, 10001364.0, 10001365.0, 10001366.0, 10001367.0, 10001368.0, 10001369.0, 10001370.0, 10001371.0, 10001372.0, 10001373.0, 10001374.0, 10001375.0, 
-53, 10001376.0, 10001377.0, 10001378.0, 10001379.0, 10001380.0, 10001381.0, 10001382.0, 10001383.0, 10001384.0, 10001385.0, 10001386.0, 10001387.0, 10001388.0, 10001389.0, 10001390.0, 10001391.0, 10001392.0, 10001393.0, 10001394.0, 10001395.0, 
-52, 10001396.0, 10001397.0, 10001398.0, 10001399.0, 10001400.0, 10001401.0, 10001402.0, 10001403.0, 10001404.0, 10001405.0, 10001406.0, 10001407.0, 10001408.0, 10001409.0, 10001410.0, 10001411.0, 10001412.0, 10001413.0, 10001414.0, 10001415.0, 
-51, 10001416.0, 10001417.0, 10001418.0, 10001419.0, 10001420.0, 10001421.0, 10001422.0, 10001423.0, 10001424.0, 10001425.0, 10001426.0, 10001427.0, 10001428.0, 10001429.0, 10001430.0, 10001431.0, 10001432.0, 10001433.0, 10001434.0, 10001435.0, 
-50, 10001436.0, 10001437.0, 10001438.0, 10001439.0, 10001440.0, 10001441.0, 10001442.0, 10001443.0, 10001444.0, 10001445.0, 10001446.0, 10001447.0, 10001448.0, 10001449.0, 10001450.0, 10001451.0, 10001452.0, 10001453.0, 10001454.0, 10001455.0, 
-49, 10001456.0, 10001457.0, 10001458.0, 10001459.0, 10001460.0, 10001461.0, 10001462.0, 10001463.0, 10001464.0, 10001465.0, 10001466.0, 10001467.0, 10001468.0, 10001469.0, 10001470.0, 10001471.0, 10001472.0, 10001473.0, 10001474.0, 10001475.0, 
-48, 10001476.0, 10001477.0, 10001478.0, 10001479.0, 10001480.0, 10001481.0, 10001482.0, 10001483.0, 10001484.0, 10001485.0, 10001486.0, 10001487.0, 10001488.0, 10001489.0, 10001490.0, 10001491.0, 10001492.0, 10001493.0, 10001494.0, 10001495.0, 
-47, 10001496.0, 10001497.0, 10001498.0, 10001499.0, 10001500.0, 10001501.0, 10001502.0, 10001503.0, 10001504.0, 10001505.0, 10001506.0, 10001507.0, 10001508.0, 10001509.0, 10001510.0, 10001511.0, 10001512.0, 10001513.0, 10001514.0, 10001515.0, 
-46, 10001516.0, 10001517.0, 10001518.0, 10001519.0, 10001520.0, 10001521.0, 10001522.0, 10001523.0, 10001524.0, 10001525.0, 10001526.0, 10001527.0, 10001528.0, 10001529.0, 10001530.0, 10001531.0, 10001532.0, 10001533.0, 10001534.0, 10001535.0, 
-45, 10001536.0, 10001537.0, 10001538.0, 10001539.0, 10001540.0, 10001541.0, 10001542.0, 10001543.0, 10001544.0, 10001545.0, 10001546.0, 10001547.0, 10001548.0, 10001549.0, 10001550.0, 10001551.0, 10001552.0, 10001553.0, 10001554.0, 10001555.0, 
-44, 10001556.0, 10001557.0, 10001558.0, 10001559.0, 10001560.0, 10001561.0, 10001562.0, 10001563.0, 10001564.0, 10001565.0, 10001566.0, 10001567.0, 10001568.0, 10001569.0, 10001570.0, 10001571.0, 10001572.0, 10001573.0, 10001574.0, 10001575.0, 
-43, 10001576.0, 10001577.0, 10001578.0, 10001579.0, 10001580.0, 10001581.0, 10001582.0, 10001583.0, 10001584.0, 10001585.0, 10001586.0, 10001587.0, 10001588.0, 10001589.0, 10001590.0, 10001591.0, 10001592.0, 10001593.0, 10001594.0, 10001595.0, 
-42, 10001596.0, 10001597.0, 10001598.0, 10001599.0, 10001600.0, 10001601.0, 10001602.0, 10001603.0, 10001604.0, 10001605.0, 10001606.0, 10001607.0, 10001608.0, 10001609.0, 10001610.0, 10001611.0, 10001612.0, 10001613.0, 10001614.0, 10001615.0, 
-41, 10001616.0, 10001617.0, 10001618.0, 10001619.0, 10001620.0, 10001621.0, 10001622.0, 10001623.0, 10001624.0, 10001625.0, 10001626.0, 10001627.0, 10001628.0, 10001629.0, 10001630.0, 10001631.0, 10001632.0, 10001633.0, 10001634.0, 10001635.0, 
-40, 10001636.0, 10001637.0, 10001638.0, 10001639.0, 10001640.0, 10001641.0, 10001642.0, 10001643.0, 10001644.0, 10001645.0, 10001646.0, 10001647.0, 10001648.0, 10001649.0, 10001650.0, 10001651.0, 10001652.0, 10001653.0, 10001654.0, 10001655.0, 
-39, 10001656.0, 10001657.0, 10001658.0, 10001659.0, 10001660.0, 10001661.0, 10001662.0, 10001663.0, 10001664.0, 10001665.0, 10001666.0, 10001667.0, 10001668.0, 10001669.0, 10001670.0, 10001671.0, 10001672.0, 10001673.0, 10001674.0, 10001675.0, 
-38, 10001676.0, 10001677.0, 10001678.0, 10001679.0, 10001680.0, 10001681.0, 10001682.0, 10001683.0, 10001684.0, 10001685.0, 10001686.0, 10001687.0, 10001688.0, 10001689.0, 10001690.0, 10001691.0, 10001692.0, 10001693.0, 10001694.0, 10001695.0, 
-37, 10001696.0, 10001697.0, 10001698.0, 10001699.0, 10001700.0, 10001701.0, 10001702.0, 10001703.0, 10001704.0, 10001705.0, 10001706.0, 10001707.0, 10001708.0, 10001709.0, 10001710.0, 10001711.0, 10001712.0, 10001713.0, 10001714.0, 10001715.0, 
-36, 10001716.0, 10001717.0, 10001718.0, 10001719.0, 10001720.0, 10001721.0, 10001722.0, 10001723.0, 10001724.0, 10001725.0, 10001726.0, 10001727.0, 10001728.0, 10001729.0, 10001730.0, 10001731.0, 10001732.0, 10001733.0, 10001734.0, 10001735.0, 
-35, 10001736.0, 10001737.0, 10001738.0, 10001739.0, 10001740.0, 10001741.0, 10001742.0, 10001743.0, 10001744.0, 10001745.0, 10001746.0, 10001747.0, 10001748.0, 10001749.0, 10001750.0, 10001751.0, 10001752.0, 10001753.0, 10001754.0, 10001755.0, 
-34, 10001756.0, 10001757.0, 10001758.0, 10001759.0, 10001760.0, 10001761.0, 10001762.0, 10001763.0, 10001764.0, 10001765.0, 10001766.0, 10001767.0, 10001768.0, 10001769.0, 10001770.0, 10001771.0, 10001772.0, 10001773.0, 10001774.0, 10001775.0, 
-33, 10001776.0, 10001777.0, 10001778.0, 10001779.0, 10001780.0, 10001781.0, 10001782.0, 10001783.0, 10001784.0, 10001785.0, 10001786.0, 10001787.0, 10001788.0, 10001789.0, 10001790.0, 10001791.0, 10001792.0, 10001793.0, 10001794.0, 10001795.0, 
-32, 10001796.0, 10001797.0, 10001798.0, 10001799.0, 10001800.0, 10001801.0, 10001802.0, 10001803.0, 10001804.0, 10001805.0, 10001806.0, 10001807.0, 10001808.0, 10001809.0, 10001810.0, 10001811.0, 10001812.0, 10001813.0, 10001814.0, 10001815.0, 
-31, 10001816.0, 10001817.0, 10001818.0, 10001819.0, 10001820.0, 10001821.0, 10001822.0, 10001823.0, 10001824.0, 10001825.0, 10001826.0, 10001827.0, 10001828.0, 10001829.0, 10001830.0, 10001831.0, 10001832.0, 10001833.0, 10001834.0, 10001835.0, 
-30, 10001836.0, 10001837.0, 10001838.0, 10001839.0, 10001840.0, 10001841.0, 10001842.0, 10001843.0, 10001844.0, 10001845.0, 10001846.0, 10001847.0, 10001848.0, 10001849.0, 10001850.0, 10001851.0, 10001852.0, 10001853.0, 10001854.0, 10001855.0, 
-29, 10001856.0, 10001857.0, 10001858.0, 10001859.0, 10001860.0, 10001861.0, 10001862.0, 10001863.0, 10001864.0, 10001865.0, 10001866.0, 10001867.0, 10001868.0, 10001869.0, 10001870.0, 10001871.0, 10001872.0, 10001873.0, 10001874.0, 10001875.0, 
-28, 10001876.0, 10001877.0, 10001878.0, 10001879.0, 10001880.0, 10001881.0, 10001882.0, 10001883.0, 10001884.0, 10001885.0, 10001886.0, 10001887.0, 10001888.0, 10001889.0, 10001890.0, 10001891.0, 10001892.0, 10001893.0, 10001894.0, 10001895.0, 
-27, 10001896.0, 10001897.0, 10001898.0, 10001899.0, 10001900.0, 10001901.0, 10001902.0, 10001903.0, 10001904.0, 10001905.0, 10001906.0, 10001907.0, 10001908.0, 10001909.0, 10001910.0, 10001911.0, 10001912.0, 10001913.0, 10001914.0, 10001915.0, 
-26, 10001916.0, 10001917.0, 10001918.0, 10001919.0, 10001920.0, 10001921.0, 10001922.0, 10001923.0, 10001924.0, 10001925.0, 10001926.0, 10001927.0, 10001928.0, 10001929.0, 10001930.0, 10001931.0, 10001932.0, 10001933.0, 10001934.0, 10001935.0, 
-25, 10001936.0, 10001937.0, 10001938.0, 10001939.0, 10001940.0, 10001941.0, 10001942.0, 10001943.0, 10001944.0, 10001945.0, 10001946.0, 10001947.0, 10001948.0, 10001949.0, 10001950.0, 10001951.0, 10001952.0, 10001953.0, 10001954.0, 10001955.0, 
-24, 10001956.0, 10001957.0, 10001958.0, 10001959.0, 10001960.0, 10001961.0, 10001962.0, 10001963.0, 10001964.0, 10001965.0, 10001966.0, 10001967.0, 10001968.0, 10001969.0, 10001970.0, 10001971.0, 10001972.0, 10001973.0, 10001974.0, 10001975.0, 
-23, 10001976.0, 10001977.0, 10001978.0, 10001979.0, 10001980.0, 10001981.0, 10001982.0, 10001983.0, 10001984.0, 10001985.0, 10001986.0, 10001987.0, 10001988.0, 10001989.0, 10001990.0, 10001991.0, 10001992.0, 10001993.0, 10001994.0, 10001995.0, 
-22, 10001996.0, 10001997.0, 10001998.0, 10001999.0, 10002000.0, 10002001.0, 10002002.0, 10002003.0, 10002004.0, 10002005.0, 10002006.0, 10002007.0, 10002008.0, 10002009.0, 10002010.0, 10002011.0, 10002012.0, 10002013.0, 10002014.0, 10002015.0, 
-21, 10002016.0, 10002017.0, 10002018.0, 10002019.0, 10002020.0, 10002021.0, 10002022.0, 10002023.0, 10002024.0, 10002025.0, 10002026.0, 10002027.0, 10002028.0, 10002029.0, 10002030.0, 10002031.0, 10002032.0, 10002033.0, 10002034.0, 10002035.0, 
-20, 10002036.0, 10002037.0, 10002038.0, 10002039.0, 10002040.0, 10002041.0, 10002042.0, 10002043.0, 10002044.0, 10002045.0, 10002046.0, 10002047.0, 10002048.0, 10002049.0, 10002050.0, 10002051.0, 10002052.0, 10002053.0, 10002054.0, 10002055.0, 
-19, 10002056.0, 10002057.0, 10002058.0, 10002059.0, 10002060.0, 10002061.0, 10002062.0, 10002063.0, 10002064.0, 10002065.0, 10002066.0, 10002067.0, 10002068.0, 10002069.0, 10002070.0, 10002071.0, 10002072.0, 10002073.0, 10002074.0, 10002075.0, 
-18, 10002076.0, 10002077.0, 10002078.0, 10002079.0, 10002080.0, 10002081.0, 10002082.0, 10002083.0, 10002084.0, 10002085.0, 10002086.0, 10002087.0, 10002088.0, 10002089.0, 10002090.0, 10002091.0, 10002092.0, 10002093.0, 10002094.0, 10002095.0, 
-17, 10002096.0, 10002097.0, 10002098.0, 10002099.0, 10002100.0, 10002101.0, 10002102.0, 10002103.0, 10002104.0, 10002105.0, 10002106.0, 10002107.0, 10002108.0, 10002109.0, 10002110.0, 10002111.0, 10002112.0, 10002113.0, 10002114.0, 10002115.0, 
-16, 10002116.0, 10002117.0, 10002118.0, 10002119.0, 10002120.0, 10002121.0, 10002122.0, 10002123.0, 10002124.0, 10002125.0, 10002126.0, 10002127.0, 10002128.0, 10002129.0, 10002130.0, 10002131.0, 10002132.0, 10002133.0, 10002134.0, 10002135.0, 
-15, 10002136.0, 10002137.0, 10002138.0, 10002139.0, 10002140.0, 10002141.0, 10002142.0, 10002143.0, 10002144.0, 10002145.0, 10002146.0, 10002147.0, 10002148.0, 10002149.0, 10002150.0, 10002151.0, 10002152.0, 10002153.0, 10002154.0, 10002155.0, 
-14, 10002156.0, 10002157.0, 10002158.0, 10002159.0, 10002160.0, 10002161.0, 10002162.0, 10002163.0, 10002164.0, 10002165.0, 10002166.0, 10002167.0, 10002168.0, 10002169.0, 10002170.0, 10002171.0, 10002172.0, 10002173.0, 10002174.0, 10002175.0, 
-13, 10002176.0, 10002177.0, 10002178.0, 10002179.0, 10002180.0, 10002181.0, 10002182.0, 10002183.0, 10002184.0, 10002185.0, 10002186.0, 10002187.0, 10002188.0, 10002189.0, 10002190.0, 10002191.0, 10002192.0, 10002193.0, 10002194.0, 10002195.0, 
-12, 10002196.0, 10002197.0, 10002198.0, 10002199.0, 10002200.0, 10002201.0, 10002202.0, 10002203.0, 10002204.0, 10002205.0, 10002206.0, 10002207.0, 10002208.0, 10002209.0, 10002210.0, 10002211.0, 10002212.0, 10002213.0, 10002214.0, 10002215.0, 
-11, 10002216.0, 10002217.0, 10002218.0, 10002219.0, 10002220.0, 10002221.0, 10002222.0, 10002223.0, 10002224.0, 10002225.0, 10002226.0, 10002227.0, 10002228.0, 10002229.0, 10002230.0, 10002231.0, 10002232.0, 10002233.0, 10002234.0, 10002235.0, 
-10, 10002236.0, 10002237.0, 10002238.0, 10002239.0, 10002240.0, 10002241.0, 10002242.0, 10002243.0, 10002244.0, 10002245.0, 10002246.0, 10002247.0, 10002248.0, 10002249.0, 10002250.0, 10002251.0, 10002252.0, 10002253.0, 10002254.0, 10002255.0, 
-9, 10002256.0, 10002257.0, 10002258.0, 10002259.0, 10002260.0, 10002261.0, 10002262.0, 10002263.0, 10002264.0, 10002265.0, 10002266.0, 10002267.0, 10002268.0, 10002269.0, 10002270.0, 10002271.0, 10002272.0, 10002273.0, 10002274.0, 10002275.0, 
-8, 10002276.0, 10002277.0, 10002278.0, 10002279.0, 10002280.0, 10002281.0, 10002282.0, 10002283.0, 10002284.0, 10002285.0, 10002286.0, 10002287.0, 10002288.0, 10002289.0, 10002290.0, 10002291.0, 10002292.0, 10002293.0, 10002294.0, 10002295.0, 
-7, 10002296.0, 10002297.0, 10002298.0, 10002299.0, 10002300.0, 10002301.0, 10002302.0, 10002303.0, 10002304.0, 10002305.0, 10002306.0, 10002307.0, 10002308.0, 10002309.0, 10002310.0, 10002311.0, 10002312.0, 10002313.0, 10002314.0, 10002315.0, 
-6, 10002316.0, 10002317.0, 10002318.0, 10002319.0, 10002320.0, 10002321.0, 10002322.0, 10002323.0, 10002324.0, 10002325.0, 10002326.0, 10002327.0, 10002328.0, 10002329.0, 10002330.0, 10002331.0, 10002332.0, 10002333.0, 10002334.0, 10002335.0, 
-5, 10002336.0, 10002337.0, 10002338.0, 10002339.0, 10002340.0, 10002341.0, 10002342.0, 10002343.0, 10002344.0, 10002345.0, 10002346.0, 10002347.0, 10002348.0, 10002349.0, 10002350.0, 10002351.0, 10002352.0, 10002353.0, 10002354.0, 10002355.0, 
-4, 10002356.0, 10002357.0, 10002358.0, 10002359.0, 10002360.0, 10002361.0, 10002362.0, 10002363.0, 10002364.0, 10002365.0, 10002366.0, 10002367.0, 10002368.0, 10002369.0, 10002370.0, 10002371.0, 10002372.0, 10002373.0, 10002374.0, 10002375.0, 
-3, 10002376.0, 10002377.0, 10002378.0, 10002379.0, 10002380.0, 10002381.0, 10002382.0, 10002383.0, 10002384.0, 10002385.0, 10002386.0, 10002387.0, 10002388.0, 10002389.0, 10002390.0, 10002391.0, 10002392.0, 10002393.0, 10002394.0, 10002395.0, 
-2, 10002396.0, 10002397.0, 10002398.0, 10002399.0, 10002400.0, 10002401.0, 10002402.0, 10002403.0, 10002404.0, 10002405.0, 10002406.0, 10002407.0, 10002408.0, 10002409.0, 10002410.0, 10002411.0, 10002412.0, 10002413.0, 10002414.0, 10002415.0, 
-1, 10002416.0, 10002417.0, 10002418.0, 10002419.0, 10002420.0, 10002421.0, 10002422.0, 10002423.0, 10002424.0, 10002425.0, 10002426.0, 10002427.0, 10002428.0, 10002429.0, 10002430.0, 10002431.0, 
